,Time for Concentration (hours),FAH [M],Inorganic [M],Organic [M],Solvent [M],DCM [M]
0,0.0555555555555556,1.2718136729572298,0.22456935258517605,0.33685402887776394,4.90489815577851,8.14007755891364
1,0.111111111111111,1.2478816269281698,0.22034357313566896,0.330515359703504,4.8126014216515705,8.28138340035616
2,0.166666666666667,1.2347146471302501,0.218018625549719,0.32702793832457894,4.76182142431296,8.359127324019951
3,0.222222222222222,1.21770485583725,0.21501513698885397,0.322522705483282,4.696221175064791,8.45956097973417
4,0.277777777777778,1.20536545961,0.21283631922571303,0.31925447883856894,4.64863285054417,8.532418468169
5,0.33333333333333304,1.19584959515666,0.21115606403974202,0.31673409605961306,4.61193380649371,8.58860452229908
6,0.38888888888888895,1.18656090696766,0.209515922297817,0.314273883446726,4.57611089427273,8.64344922295062
7,0.444444444444444,1.17425032064376,0.20734219161738396,0.311013287426076,4.52863367851341,8.71613660442387
8,0.5,1.16541018320016,0.20578125231889496,0.308671878478343,4.49454065469559,8.7683328545238
9,0.555555555555556,1.1585581769629498,0.20457136549559699,0.306857048243396,4.468115091367469,8.80879026070392
10,0.6111111111111109,1.1529854387277199,0.20358736426631302,0.30538104639946995,4.44662317468676,8.841694278375911
11,0.666666666666667,1.14830363156853,0.20276067838848003,0.30414101758271994,4.42856723788633,8.86933782792024
12,0.7222222222222221,1.1428281496869699,0.20179385011215303,0.30269077516822995,4.40745040170669,8.90166759920841
13,0.7777777777777779,1.1358331285621202,0.200558710564018,0.300838065846028,4.38047328474022,8.94296943126887
14,0.833333333333333,1.1296350139825901,0.199464284070602,0.299196426105903,4.35656953105612,8.979565959411689
15,0.8888888888888891,1.12408572802387,0.198484423905895,0.297726635858844,4.33516806082225,9.01233150402287
16,0.944444444444444,1.11907529250675,0.197599710772066,0.2963995661581,4.31584473032966,9.041915427013821
17,1.0,1.11451959873028,0.19679529325107897,0.29519293987661893,4.29827516453743,9.068814344960769
18,1.05555555555556,1.1103527511732398,0.19605953590068803,0.294089303851032,4.2822052296621,9.09341733542369
19,1.11111111111111,1.10312414710875,0.194783151655595,0.292174727483393,4.2543272727737405,9.13609834892944
20,1.16666666666667,1.09650951247154,0.19361517850854396,0.29042276776281706,4.228817160779291,9.17515420366544
21,1.22222222222222,1.0909777143881998,0.19263840624966502,0.288957609374498,4.207483134581859,9.20781649179189
22,1.27777777777778,1.08619201903095,0.19179337640692998,0.28769006461039504,4.18902654079693,9.236073445189131
23,1.33333333333333,1.0819543593512602,0.191045115469829,0.28656767320474397,4.17268351068985,9.261094543095211
24,1.38888888888889,1.07814017959291,0.19037163011801297,0.28555744517702003,4.1579736804212,9.28361522016196
25,1.44444444444444,1.0746665878866,0.189758283794399,0.284637425691599,4.14457736780367,9.304124908230039
26,1.5,1.07147562305565,0.18919484205647302,0.28379226308471,4.13227103878136,9.32296583682861
27,1.55555555555556,1.06852495400807,0.188673830329836,0.283010745494755,4.12089143854784,9.34038794825527
28,1.61111111111111,1.06578246682328,0.188189578127915,0.28228436719187294,4.110314716012939,9.35658085791384
29,1.6666666666666698,1.06322298767774,0.18773764040551896,0.281606460608279,4.10044378538243,9.37169320367298
30,1.72222222222222,1.06082622771328,0.18731443467580802,0.280971652013712,4.0912004003021405,9.3858447803122
31,1.77777777777778,1.0585754516933499,0.186917005929477,0.28037550889421603,4.08252001937532,9.39913440038932
32,1.8333333333333302,1.05614286255649,0.18648747369595398,0.279731210543932,4.0731384549018,9.413497528993132
33,1.88888888888889,1.0522173596711,0.18579433156335504,0.278691497345033,4.05799929397559,9.4366755091638
34,1.94444444444444,1.0485068849808,0.185139157840425,0.277708736760638,4.04368941442916,9.45858386366168
35,2.0,1.04499358700034,0.184518800417252,0.276778200625879,4.0301399699220894,9.47932799589194
36,2.05555555555556,1.0416617220034199,0.18393047935956103,0.275895719039342,4.01729024293282,9.499000864078448
37,2.1111111111111103,1.0384973048388102,0.18337172525188397,0.27505758787782697,4.00508629809027,9.51768504300642
38,2.1666666666666696,1.03548783735025,0.182840331243546,0.27426049686532,3.99347993479321,9.535454327556868
39,2.22222222222222,1.0326220930754302,0.18233431503208802,0.273501472548132,3.98242785687694,9.552375003942869
40,2.27777777777778,1.02772632532158,0.181469849255168,0.272204773882752,3.96354675602264,9.581281875554481
41,2.3333333333333304,1.02267672940036,0.18057822140829197,0.27086733211243896,3.9440723988521897,9.611097019638981
42,2.38888888888889,1.0182733075782,0.17980069117034397,0.269701036755516,3.92709008765845,9.637096853712938
43,2.44444444444444,1.01432915526075,0.179104256031092,0.268656384046638,3.91187900301661,9.660384948734949
44,2.5,1.01072996049384,0.178468731460301,0.26770309719045104,3.8979982875078303,9.68163625522315
45,2.55555555555556,1.00740247007838,0.17788118284038604,0.26682177426057996,3.88516543160354,9.7012832938624
46,2.61111111111111,1.0042977007929301,0.17733296100319101,0.265999441504787,3.8731915257821803,9.71961528419168
47,2.6666666666666696,1.0013815422719499,0.17681804294167197,0.265227064412509,3.86194501943015,9.736833629546961
48,2.72222222222222,0.998629289316534,0.176332066357609,0.26449809953641396,3.85133063405885,9.753084200820961
49,2.77777777777778,0.99602235950107,0.17587175007595401,0.263807625113932,3.84127670437088,9.76847671722798
50,2.8333333333333304,0.9935462700501371,0.17543453681369503,0.263151805220543,3.83172737584921,9.7830966917561
51,2.88888888888889,0.9911893615529549,0.175018367820887,0.262527551731331,3.82263768261271,9.79701296694599
52,2.94444444444444,0.988941975390071,0.174621537635508,0.261932306453261,3.81397037506598,9.81028257174313
53,3.0,0.986795912581406,0.17424259853004198,0.261363897795064,3.8056938328835694,9.82295391670873
54,3.05555555555556,0.984744070454987,0.173880296356591,0.260820444534887,3.79778066378041,9.83506893929513
55,3.11111111111111,0.982780193607278,0.17353352657291599,0.260300289859374,3.7902067430612703,9.8466645742909
56,3.1666666666666696,0.9808986995193381,0.17320130345076698,0.259801955176151,3.7829505410890096,9.85777378346352
57,3.22222222222222,0.9790945537112109,0.17288273803138599,0.25932410704707803,3.7759926418029797,9.86842629270544
58,3.27777777777778,0.9773631782864951,0.17257702197684302,0.258865532965264,3.7693153900103398,9.87864913202913
59,3.3333333333333304,0.975700383343896,0.172283415459095,0.258425123188642,3.7629026268667998,9.888467040544981
60,3.38888888888889,0.9741023143084491,0.172001237860042,0.258001856790064,3.7567394867532404,9.897902777441981
61,3.44444444444444,0.9725654105372199,0.171729860462371,0.257594790693556,3.7508122376338195,9.90697736639881
62,3.5,0.971086372054253,0.1714687005758,0.25720305086370004,3.7451081527653503,9.915710291996051
63,3.55555555555556,0.9696621322577809,0.171217216717888,0.256825825076833,3.7396154054395097,9.92411966086539
64,3.61111111111111,0.967212238524059,0.17078462894077695,0.256176943411166,3.73016710376459,9.93858496379302
65,3.6666666666666696,0.9646368629442801,0.17032988431983803,0.25549482647975696,3.7202348666765,9.953791169434151
66,3.72222222222222,0.962152562976947,0.169891221293049,0.254836831939573,3.7106538733381895,9.96845962263927
67,3.77777777777778,0.959754801758827,0.169467838767875,0.254201758151812,3.7014066268060697,9.98261711114206
68,3.8333333333333304,0.957439328378783,0.169058986143515,0.253588479215273,3.69247673294424,9.99628873428316
69,3.88888888888889,0.954682486013192,0.168572199188489,0.252858298782733,3.68184464797592,10.0125664035523
70,3.94444444444444,0.9502351172351501,0.167786909056429,0.251680363584643,3.66469285020764,10.0388257207299
71,4.0,0.9463269189218059,0.167096822463035,0.250645233694553,3.64962042638713,10.0619015267233
72,4.05555555555556,0.9427982178870999,0.166473745259448,0.24971061788917198,3.63601157820013,10.082736605692402
73,4.11111111111111,0.939550689182564,0.16590031580654402,0.248850473709816,3.62348710398475,10.101911513497901
74,4.16666666666667,0.936521474468708,0.16536543494970402,0.24804815242455602,3.61180458320409,10.1197973947774
75,4.2222222222222205,0.933669002078422,0.16486176220929,0.247292643313936,3.60080368986254,10.1366397078337
76,4.2777777777777795,0.9309648626243149,0.16438428122334,0.24657642183501102,3.59037485983545,10.152606194797599
77,4.33333333333333,0.928388991587168,0.16392944911746302,0.24589417367619396,3.5804407119580697,10.167815325847599
78,4.38888888888889,0.925926734109076,0.16349467822333702,0.245242017335005,3.57094472805717,10.1823536300263
79,4.44444444444444,0.9235670163010891,0.16307801317900597,0.24461701976850897,3.5618442003850297,10.1962864926834
80,4.5,0.921301184132386,0.16267792590677999,0.24401688886017103,3.55310575365978,10.2096650112094
81,4.55555555555556,0.9191222537582908,0.16229318324058403,0.243439774860876,3.54470245386775,10.2225304214456
82,4.611111111111111,0.9170244200285781,0.161922760141249,0.242884140211874,3.5366119127682203,10.234916999677301
83,4.66666666666667,0.915002729554376,0.161565781968603,0.242348672952905,3.52881502703778,10.246853992997801
84,4.72222222222222,0.913052860126847,0.161221485532516,0.241832228298774,3.52129512757258,10.2583669217221
85,4.77777777777778,0.911170969741652,0.160889192434536,0.241333788651805,3.5140373972336296,10.2694784708166
86,4.83333333333333,0.9093535917154771,0.160568290548184,0.240852435822277,3.50702846635131,10.2802091091789
87,4.888888888888889,0.907597560663429,0.160258220948475,0.240387331422713,3.50025612724864,10.2905775267019
88,4.94444444444444,0.905899959360728,0.159958468529075,0.239937702793613,3.49370912930711,10.3006009480266
89,5.0,0.9042580798863101,0.15966855514126302,0.239502832711895,3.48737702911246,10.3102953619684
90,5.05555555555556,0.9026693946366221,0.159388034475721,0.23908205171358102,3.4812500786660294,10.3196756926648
91,5.111111111111111,0.9011315342350901,0.159116488161915,0.238674732242873,3.47531914018997,10.3287559300083
92,5.16666666666667,0.89964227031426,0.158853522727874,0.23828028409181098,3.46957561972462,10.3375492313085
93,5.22222222222222,0.898199501783495,0.158598767175411,0.23789815076311605,3.4640114141682297,10.3460680023738
94,5.27777777777778,0.8968012436233441,0.158351871001506,0.23752780650226002,3.4586188680611496,10.354323963675
95,5.33333333333333,0.8954456175385199,0.158112502547865,0.237168753821797,3.45339073753798,10.362328205534
96,5.388888888888889,0.894130844000315,0.15788034759580702,0.236820521393712,3.4483201596381403,10.3700912351094
97,5.44444444444444,0.8928552353461351,0.15765510814783498,0.236482662221752,3.4434006256934904,10.3776230171397
98,5.5,0.8916171896989091,0.157436501353946,0.23615475203092,3.43862595787778,10.3849330098462
99,5.55555555555556,0.8904151855351591,0.157224258552507,0.23583638782875999,3.43399028825779,10.392030197005699
100,5.611111111111111,0.8892477767771371,0.15701812440364002,0.23552718660546101,3.4294880398655803,10.3989231169282
101,5.66666666666667,0.8881135883170991,0.15681785609893803,0.23522678414840698,3.4251139094373304,10.405619888884301
102,5.72222222222222,0.887011311905162,0.156623222635356,0.234934833953034,3.42086285155438,10.4121282373849
103,5.77777777777778,0.8859397023487379,0.156434004144136,0.23465100621620397,3.4167300639858995,10.4184555146217
104,5.83333333333333,0.88489757398358,0.15624999126768202,0.23437498690152303,3.41271097407908,10.4246087213033
105,5.888888888888889,0.8833969922209309,0.15598502739592598,0.233977541093889,3.4069238050332404,10.433468848363301
106,5.94444444444444,0.8814929139009109,0.15564881648336,0.233473224725041,3.3995805043289704,10.444711405262
107,6.0,0.8776160437168651,0.154964261626151,0.232446392439227,3.3846289011026096,10.4676022355259
108,6.05555555555556,0.87416767583953,0.15435536917739498,0.23153305376609198,3.37132986713118,10.4879629904701
109,6.111111111111111,0.871028897599786,0.153801142239758,0.230701713359637,3.3592248018005604,10.5064957853565
110,6.16666666666667,0.868118875046432,0.15328730763119,0.229930961446785,3.34800195952522,10.5236779011279
111,6.22222222222222,0.8653855081448409,0.152804665835053,0.229206998752579,3.33746041042903,10.5398169604265
112,6.27777777777778,0.8627942676439508,0.15234711987997301,0.228520679819959,3.32746698841743,10.5551168398816
113,6.33333333333333,0.8603216451650431,0.151910518795173,0.22786577819276002,3.3179310306787997,10.5697163438073
114,6.388888888888889,0.8579511921116539,0.151491958184565,0.227237937276847,3.30878910127738,10.583712592306199
115,6.44444444444444,0.85567106607833,0.151089346986082,0.22663402047912304,3.2999955285917,10.5971755084038
116,6.5,0.853472480962188,0.15070113380153,0.226051700702295,3.29151642798854,10.6101569693053
117,6.55555555555556,0.851348711601025,0.150326131141457,0.225489196712185,3.28332586309341,10.622696683471199
118,6.611111111111111,0.84929444527355,0.14996340091689,0.22494510137533502,3.27540334477539,10.6348260196591
119,6.66666666666667,0.847305353712706,0.14961217886797698,0.224418268301966,3.26773218056643,10.6465705339547
120,6.72222222222222,0.8453778072886801,0.149271824096107,0.22390773614415999,3.2602983723747,10.6579516573671
121,6.77777777777778,0.843508681996098,0.14894178498284602,0.22341267747426896,3.2530898721081503,10.668987835465199
122,6.83333333333333,0.841695227700813,0.14862157592573802,0.222932363888607,3.24609607355286,10.67969530631
123,6.888888888888889,0.8399349772373629,0.148310761287265,0.22246614193089803,3.2393074617967,10.690088637184699
124,6.94444444444444,0.8382256830041379,0.14800894419920002,0.22201341629880103,3.23271536870122,10.700181098966098
125,7.0,0.8365652722300799,0.147715758663863,0.22157363799579397,3.2263118003824705,10.709984930250801
126,7.05555555555556,0.8349518150238331,0.147430863912426,0.221146295868639,3.22008931398873,10.719511526008
127,7.111111111111111,0.8333835012416639,0.147153940320393,0.22073091048059,3.2140409284890197,10.728771574161199
128,7.16666666666667,0.831858623484925,0.146884686405387,0.22032702960807998,3.2081600591007997,10.73777515598
129,7.22222222222222,0.830375564388794,0.146622816582672,0.219934224874007,3.2024404682674903,10.7465318211324
130,7.27777777777778,0.8289327869370942,0.146368059455003,0.21955208918250402,3.19687622830647,10.755050644870998
131,7.33333333333333,0.82752882692694,0.146120156482076,0.219180234723113,3.19146169234809,10.763340272525301
132,7.388888888888889,0.8261622869726459,0.14587886092177202,0.21881829138265804,3.1861914712110297,10.7714089549051
133,7.44444444444444,0.82483183162138,0.14564393696771302,0.21846590545157,3.18106041456529,10.77926457714
134,7.5,0.8235361832795759,0.145415159029967,0.21812273854495,3.17606359522187,10.7869146827319
135,7.55555555555556,0.8222741187373179,0.14519231112134398,0.21778846668201604,3.1711962957287003,10.7943664940765
136,7.611111111111111,0.8210444661396541,0.144975186322615,0.217462779483923,3.16645399669011,10.8016269303461
137,7.66666666666667,0.819846102297086,0.144763586307606,0.21714537946140802,3.16183236639446,10.8087026233697
138,7.72222222222222,0.818677950258159,0.144557320914584,0.216835981371876,3.1573272514525197,10.8155999319655
139,7.77777777777778,0.817538977088686,0.144356207754127,0.216534311631191,3.15293466823281,10.822324955053698
140,7.83333333333333,0.8164281918176011,0.144160071846413,0.21624010776962002,3.1486507949395297,10.828883543784599
141,7.888888888888889,0.815344643520299,0.143968745282787,0.21595311792417998,3.1444719642207404,10.835281312855699
142,7.94444444444444,0.8142874195182229,0.143782066907855,0.21567310036178303,3.1403946562248497,10.8415236511424
143,8.0,0.813255643678937,0.143599882019323,0.215399823028984,3.13641549204467,10.847615731734901
144,8.055555555555559,0.81224847480498,0.143422042083507,0.21513306312526004,3.13253122750383,10.8535625214509
145,8.11111111111111,0.811265105102607,0.143248404464955,0.21487260669743302,3.1287387472512798,10.8593687898775
146,8.16666666666667,0.81030475872353,0.14307883216895598,0.214618248253434,3.12503505913736,10.865039117981
147,8.22222222222222,0.809366690374282,0.142913193595987,0.21436979039398,3.12141728885068,10.870577906317699
148,8.27777777777778,0.808450183988811,0.14275136230733,0.214127043460995,3.11788267479876,10.8759893828722
149,8.33333333333333,0.8075545514606641,0.14259321680120998,0.213889825201816,3.1144285632186097,10.8812776105423
150,8.38888888888889,0.8066791314317,0.14243864029890901,0.213657960448364,3.1110524035052003,10.886446494291699
151,8.444444444444441,0.805435467266604,0.142219041420294,0.213328562130441,3.1062560672182995,10.89378966132
152,8.5,0.803751962243402,0.14192177803873599,0.21288266705810502,3.09976343322707,10.903729851706801
153,8.555555555555559,0.8021114249676429,0.14163210164844198,0.21244815247266396,3.0934365093785097,10.913416340688501
154,8.61111111111111,0.799450723248045,0.14116229064129698,0.21174343596194603,3.0831752020541603,10.9291263512266
155,8.66666666666667,0.79695230170826,0.14072113411058498,0.21108170116587802,3.07353974722031,10.9438781847109
156,8.72222222222222,0.7945813507262741,0.14030248557868302,0.210453728368025,3.0643958974990295,10.9578773732099
157,8.77777777777778,0.792314436734162,0.139902207284465,0.209853310926698,3.0556532785952997,10.9712622793205
158,8.83333333333333,0.790135420844706,0.139517449518471,0.209276174277707,3.04724964900328,10.9841281944789
159,8.888888888888891,0.7880329219163309,0.139146202665889,0.20871930399883398,3.03914111601956,10.996542318195901
160,8.94444444444444,0.7859987087704592,0.13878701331378301,0.208180519970675,3.03129593514142,11.008553251147498
161,9.0,0.784026664672378,0.138438801405237,0.20765820210785602,3.0236905164661403,11.020197109357701
162,9.05555555555556,0.7821121110931751,0.138100740833226,0.20715111124984,3.01630681669985,11.0315015170196
163,9.111111111111109,0.7802513606940691,0.13777218050923,0.206658270763845,3.0091306151893598,11.0424882458827
164,9.16666666666667,0.778441418591501,0.137452591614384,0.206178887421576,3.0021503618159904,11.053174979121199
165,9.222222222222221,0.776679780715749,0.137141531994835,0.20571229799225302,2.99535639934204,11.063576501918199
166,9.277777777777779,0.7749642964408779,0.136838621905748,0.20525793285862196,2.9887404336271,11.0737055125614
167,9.33333333333333,0.7732930741805101,0.136543527341963,0.204815291012945,2.98229516954709,11.083573179849601
168,9.388888888888891,0.7716644159661679,0.13625594848622802,0.20438392272934197,2.9760140586880297,11.0931895293719
169,9.44444444444444,0.7700767717379791,0.135975611638118,0.203963417457177,2.96989112306274,11.1025637133971
170,9.5,0.768528707144573,0.135702263528333,0.2035533952925,2.96392083092744,11.1117042009974
171,9.55555555555556,0.7670188806656751,0.135435667279141,0.203153500918712,2.95809800855231,11.120618913127501
172,9.611111111111109,0.76554602720919,0.135175599508045,0.20276339926206696,2.9524177769617403,11.1293153194747
173,9.66666666666667,0.764108946230801,0.13492184823001402,0.20238277234502103,2.9468755061161898,11.137800508606698
174,9.722222222222221,0.7627064930291609,0.13467421132044197,0.202011316980663,2.9414667813410498,11.1460812393683
175,9.777777777777779,0.7613375722815491,0.13443249537370502,0.20164874306055802,2.93618737839616,11.1541639790503
176,9.83333333333333,0.76000113316705,0.134196514842048,0.201294772263073,2.9310332446677596,11.1620549321841
177,9.888888888888891,0.7586961656191509,0.13396609137388799,0.200949137060833,2.9260004847162495,11.1697600626684
178,9.94444444444444,0.757421697384968,0.133741053294548,0.200611579941822,2.9210853489346897,11.177285111132901
179,10.0,0.7561767916627958,0.133521235189112,0.200281852783667,2.91628422443772,11.184635608887
180,10.0555555555556,0.7549605451560509,0.133306477558799,0.199959716338198,2.91159362755648,11.191816889410601
181,10.1111111111111,0.753772086428593,0.133096626530559,0.199644939795839,2.90701019749555,11.1988340980646
182,10.1666666666667,0.7526105744794659,0.13289153360540698,0.19933730040810999,2.90253069083642,11.205692200506698
183,10.2222222222222,0.751475197478817,0.132691055435218,0.19903658315282602,2.89815197666232,11.212395990155
184,10.2777777777778,0.750365171623445,0.132495053620648,0.19874258043097304,2.89387103214453,11.2189500949451
185,10.3333333333333,0.7492797400825191,0.132303394524977,0.198455091787466,2.88968493847649,11.2253589835555
186,10.3888888888889,0.7482181720125459,0.132115949100173,0.19817392365026001,2.8855908770747503,11.231626971223301
187,10.4444444444444,0.747179761626782,0.131932592722579,0.19789888908386802,2.88158612599024,11.2377582252391
188,10.5,0.746163827308725,0.13175320503637403,0.197629807554561,2.8776680564891897,11.243756770181301
189,10.5555555555556,0.745169710762365,0.131577669803535,0.197366504705303,2.87383412977606,11.2496264929332
190,10.6111111111111,0.744196776194147,0.131405874759388,0.197108812139082,2.8700818938386696,11.255371147513198
191,10.6666666666667,0.7432444095231199,0.131237711473143,0.19685656720971398,2.8664089804019905,11.260994359738701
192,10.7222222222222,0.742312017616853,0.131073075212975,0.19660961281946202,2.86281310198147,11.2664996317371
193,10.7777777777778,0.741399027551479,0.130911864815369,0.19636779722305397,2.8592920490292104,11.2718903463154
194,10.833333333333302,0.740504885894684,0.130753982558514,0.19613097383777103,2.85584368716876,11.277169771193199
195,10.8888888888889,0.739629058010864,0.130599334039609,0.19589900105941396,2.85246595451541,11.2823410631058
196,10.944444444444402,0.7387710273878559,0.130447828055986,0.195671742083979,2.84915685907959,11.287407271779301
197,11.0,0.737930294984799,0.13029937648995302,0.19544906473492998,2.8459144762518704,11.2923713437812
198,11.055555555555598,0.737106378600764,0.13015389419731802,0.19523084129597698,2.8427369463679804,11.2972361262483
199,11.1111111111111,0.7362988122638009,0.130011298899502,0.195016948349253,2.83962247235259,11.302004370494
200,11.166666666666698,0.735507145640118,0.129871511079223,0.194807266618835,2.83656931744078,11.3066787354967
201,11.2222222222222,0.7347309434630358,0.12973445387965898,0.19460168081948898,2.83357580297571,11.311261791271802
202,11.2777777777778,0.733969784981398,0.129600053007054,0.19440007951058202,2.8306403062813104,11.3157560221281
203,11.333333333333302,0.7328065374715501,0.129394653626833,0.194091980440249,2.82615410622931,11.322624372121501
204,11.3888888888889,0.731347613369854,0.129137045418999,0.19370556812849898,2.8205275948243904,11.331238533131401
205,11.444444444444402,0.7300127190926801,0.128901337665601,0.193352006498401,2.8153794189418,11.3391203648329
206,11.5,0.7287681723474381,0.128681582946192,0.193022374419287,2.81057967888134,11.3464687430216
207,11.555555555555598,0.7275920784537099,0.128473915227319,0.192710872840979,2.8060439352476503,11.3534129439924
208,11.6111111111111,0.7264699010441921,0.128275767763033,0.192413651644549,2.8017161268403,11.3600387971646
209,11.666666666666698,0.725391796205332,0.128085402373173,0.19212810355976,2.7975582894555497,11.3664044255456
210,11.7222222222222,0.723825438941713,0.127808824251639,0.19171323637745802,2.7915174494984196,11.3756529215107
211,11.7777777777778,0.7220254709935892,0.127490996534121,0.19123649480118105,2.78457566261806,11.386280762739599
212,11.833333333333302,0.720277315991125,0.12718231764076599,0.19077347646114898,2.7778336984216296,11.396602676432
213,11.8888888888889,0.7185764202871681,0.126881983515434,0.19032297527315098,2.77127399523641,11.406645549421699
214,11.944444444444402,0.7169193320511841,0.126589384654261,0.18988407698139198,2.7648832406742696,11.4164297629088
215,12.0,0.715303360215118,0.12630404588433197,0.189456068826497,2.75865105631657,11.425971206200499
216,12.055555555555598,0.713726344824344,0.126025585813605,0.18903837872040802,2.75256911204571,11.435282632665698
217,12.1111111111111,0.7121865010096279,0.125753689280405,0.18863053392060802,2.7466305243047704,11.4443745809958
218,12.166666666666698,0.710682312104629,0.125488088480741,0.18823213272111103,2.7408294438926397,11.4532560062885
219,12.2222222222222,0.7092124558738481,0.125228549942071,0.187842824913107,2.7351607714534905,11.4619347156324
220,12.2777777777778,0.7077757532369601,0.12497486546935001,0.187462298204025,2.72961995972619,11.470417670861599
221,12.333333333333302,0.7063711323968679,0.12472684581097199,0.18709026871645898,2.72420287519987,11.4787112003607
222,12.3888888888889,0.704997603589973,0.12448431620032199,0.18672647430048397,2.71890570073548,11.4868211481507
223,12.444444444444402,0.703654241208595,0.12424711319905901,0.18637066979858802,2.7137248666187697,11.4947529794464
224,12.5,0.7023401710694921,0.124015082449064,0.186022623673596,2.7086570014598195,11.502511855829
225,12.555555555555598,0.701054561292781,0.12378807706189802,0.18568211559284697,2.7036988970166003,11.510102689101
226,12.6111111111111,0.699796615724929,0.12356595645746699,0.18534893468620103,2.69884748282989,11.517530180120302
227,12.666666666666698,0.6985655691608101,0.12334858552036801,0.185022878280552,2.6940998077966603,11.524798847011
228,12.7222222222222,0.6973606838416121,0.123135833981503,0.18470375097225403,2.68945302666376,11.531913045841401
229,12.7777777777778,0.6961812468593269,0.12292757595978301,0.18439136393967398,2.6849043900181,11.5388769859495
230,12.833333333333302,0.6950265682061291,0.122723689617698,0.184085534426547,2.6804512367638,11.545694741459801
231,12.8888888888889,0.693895979282621,0.12252405689791301,0.18378608534686897,2.67609098836911,11.5523702600915
232,12.944444444444402,0.692788831732381,0.12232856331747699,0.18349284497621599,2.67182114437166,11.5589073700401
233,13.0,0.691704496508147,0.122137097802937,0.183205646704406,2.66763927877714,11.565309785490902
234,13.055555555555598,0.6906423631020839,0.12194955255442301,0.18292432883163395,2.66354303709067,11.5715811111639
235,13.1111111111111,0.689601838891891,0.12176582293018598,0.18264873439527898,2.65953013379505,11.5777248461744
236,13.166666666666698,0.6885823485684329,0.12158580734553401,0.18237871101830103,2.6555983501433302,11.583744387413098
237,13.2222222222222,0.687583333620518,0.12140940718185698,0.182114110772785,2.65174553217179,11.5896430325878
238,13.2777777777778,0.686604251859683,0.121236526702716,0.18185479005407396,2.64796958886721,11.595423983029198
239,13.333333333333302,0.685644576972932,0.12106707297486899,0.181600609462303,2.64426849044198,11.6010903463321
240,13.3888888888889,0.684703798095202,0.120900955792777,0.181351433689165,2.6406402666852404,11.6066451388796
241,13.444444444444402,0.6837814193958691,0.120738087605595,0.181107131408392,2.6370830053682,11.6120912882845
242,13.5,0.682876959675609,0.12057838344598598,0.18086757516898003,2.6335948506894105,11.6174316357695
243,13.555555555555598,0.6819899519712239,0.12042176086034599,0.18063264129051898,2.6301740017506696,11.6226689385008
244,13.6111111111111,0.6811199431669951,0.120268139840173,0.18040220976026003,2.62681871105825,11.627805871882698
245,13.666666666666698,0.680266493611788,0.12011744275446601,0.18017616413169898,2.62352728304611,11.632845031818302
246,13.7222222222222,0.679429176741592,0.119969594283069,0.17995439142460398,2.6202980726202796,11.637788936938401
247,13.7777777777778,0.6786075787074279,0.11982452135097198,0.17973678202645801,2.61712948372378,11.642640030798301
248,13.833333333333302,0.677801298008806,0.11968215306358698,0.17952322959538003,2.6140199679229905,11.647400684042001
249,13.8888888888889,0.677009945132954,0.119542420643048,0.17931363096457198,2.6109680230163796,11.6520731965328
250,13.944444444444402,0.676233142200154,0.11940525736558501,0.17910788604837802,2.60797219166663,11.6566597994468
251,14.0,0.6754705226154979,0.119270598500032,0.178905897750048,2.60503106005759,11.661162657329399
252,14.055555555555598,0.674721730727371,0.119138381247526,0.17870757187129002,2.60214325657723,11.665583870112
253,14.1111111111111,0.6739864214929959,0.11900854468245,0.17851281702367605,2.59930745052773,11.6699254750863
254,14.166666666666698,0.673264260151244,0.11888102969466001,0.17832154454198998,2.59652235086364,11.6741894488363
255,14.2222222222222,0.6725549219029779,0.11875577893303901,0.178133668399559,2.59378670495911,11.678377709126199
256,14.2777777777778,0.671858091599058,0.118632736750414,0.177949105125621,2.59109929740464,11.6824921167418
257,14.333333333333302,0.671173463436215,0.118511849149848,0.177767773724772,2.5884589488341603,11.6865344772866
258,14.3888888888889,0.670500740660804,0.11839306373233302,0.1775895955985,2.58586451478251,11.6905065429312
259,14.444444444444402,0.6698396352805389,0.11827632964589199,0.177414494468837,2.5833148845737903,11.694410014114899
260,14.5,0.6691898677842559,0.118161597536091,0.177242396304137,2.5808089802405,11.698246541200499
261,14.555555555555598,0.668551166869619,0.11804881949796699,0.177073229246951,2.57834575547345,11.702017726082198
262,14.6111111111111,0.667782061853787,0.11791301547325199,0.17686952320987803,2.57537961204068,11.7065588769427
263,14.666666666666698,0.666523260129839,0.11769074369383098,0.176536115540746,2.57052489598787,11.7139914231026
264,14.7222222222222,0.665372435553306,0.117487537881859,0.176231306822788,2.5660866064309302,11.7207864223661
265,14.7777777777778,0.6642995751141171,0.117298098517142,0.17594714777571302,2.56194899468679,11.7271210853918
266,14.833333333333302,0.663285119339924,0.117118971903487,0.17567845785523,2.55803662736306,11.7331109003288
267,14.8888888888889,0.662316073771839,0.116947863556032,0.175421795334048,2.5542993898094504,11.7388325924578
268,14.944444444444402,0.6613836520529239,0.116783222031723,0.175174833047584,2.55070339641296,11.744338040483802
269,15.0,0.6604818104643171,0.11662398016635,0.174935970249525,2.54722533886505,11.749662929311599
270,15.055555555555598,0.659606318078193,0.116469390887649,0.17470408633147302,2.5438489000978,11.754832240291
271,15.1111111111111,0.658754156894639,0.11631892129500501,0.174478381942507,2.54056244084161,11.759863793086
272,15.166666666666698,0.6579231294152571,0.11617218336711999,0.17425827505068,2.5373574861869304,11.764770562740901
273,15.2222222222222,0.657111598804389,0.116028888081214,0.17404333212182097,2.5342277234856496,11.7695622138888
274,15.2777777777778,0.656318315000042,0.115888814708717,0.17383322206307597,2.5311683317274998,11.7742461274722
275,15.333333333333302,0.6553731758033671,0.115721927607239,0.173582891410858,2.52752329189085,11.7798266653546
276,15.3888888888889,0.6543303590796229,0.11553779318448801,0.173306689776732,2.52350154724864,11.7859839364228
277,15.444444444444402,0.6533092585789261,0.11535749328424198,0.173036239926363,2.5195635537601,11.7920129848909
278,15.5,0.6523091039125359,0.11518089187580301,0.172771337813705,2.51570634033098,11.7979183594892
279,15.555555555555598,0.6513292204041911,0.115007869828819,0.172511804743228,2.51192730499338,11.8037040438178
280,15.6111111111111,0.650369003631542,0.114838320417957,0.172257480626936,2.5082241167218102,11.809373606665199
281,15.666666666666698,0.6494279015090121,0.114672146159206,0.17200821923881,2.5045946463337003,11.814930307799099
282,15.7222222222222,0.6485054016217671,0.114509256573378,0.171763884860068,2.5010369176413,11.8203771727533
283,15.7777777777778,0.647601022237091,0.11434956659895301,0.17152434989843,2.49754907278608,11.825717045899902
284,15.833333333333302,0.64671430590418,0.114192995461968,0.17128949319295197,2.49412934755552,11.8309526282396
285,15.8888888888889,0.6458448148836651,0.114039465868988,0.17105919880348197,2.4907760537565298,11.8360865043876
286,15.944444444444402,0.644992127875026,0.11388890342925301,0.17083335514387998,2.4874875665944103,11.8411211618965
287,16.0,0.644155837667065,0.113741236239815,0.17061185435972198,2.48426231561155,11.846059005129002
288,16.0555555555556,0.643335549445771,0.113596394586744,0.17039459188011602,2.48109877816154,11.8509023652494
289,16.1111111111111,0.642530879570645,0.113454310729066,0.17018146609359902,2.4779954746899397,11.855653507448
290,16.1666666666667,0.641741454684481,0.11331491874156802,0.169972378112352,2.47495096530102,11.8603146361981
291,16.2222222222222,0.640966911059933,0.113178154399422,0.16976723159913298,2.47196384723775,11.8648878991138
292,16.2777777777778,0.6402068941135179,0.11304395509236999,0.169565932638555,2.46903275300744,11.869375389819501
293,16.3333333333333,0.639461058037218,0.112912259759672,0.16936838963950898,2.4661563489610403,11.873779150125301
294,16.3888888888889,0.638729065511902,0.11278300883950801,0.169174513259262,2.46333333418788,11.878101171719
295,16.4444444444444,0.6380105874769361,0.112656144228292,0.16898421634243802,2.4605624396271404,11.8823433975264
296,16.5,0.6373053029376711,0.11253160924668401,0.16879741387002598,2.45784242732542,11.886507722848101
297,16.5555555555556,0.6366128987977501,0.112409348609976,0.168614022914964,2.45517208979,11.890595996349301
298,16.6111111111111,0.635933069707129,0.11228930840126,0.16843396260189097,2.45255024940275,11.8946100209575
299,16.6666666666667,0.635265517919414,0.112171436046235,0.16825715406935302,2.4499757578698502,11.898551554705
300,16.7222222222222,0.634609953154113,0.11205568028888499,0.168083520433328,2.44744749569066,11.902422311541601
301,16.7777777777778,0.63396609246099,0.111941991167527,0.16791298675129096,2.44496437163449,11.9062239621361
302,16.8333333333333,0.6333336600845679,0.11183031999088601,0.16774547998633,2.44252532221811,11.909958134676002
303,16.8888888888889,0.632712387327754,0.11172061931401599,0.16758092897102403,2.44012931117976,11.913626415673
304,16.9444444444444,0.632102012413954,0.11161284291394999,0.16741926437092497,2.43777532894739,11.917230350776801
305,17.0,0.631502280347469,0.11150694576505199,0.167260418647578,2.4354623921002596,11.9207714455997
306,17.0555555555556,0.630912942772241,0.111402884014076,0.167104326021114,2.43318954282419,11.9242511665504
307,17.1111111111111,0.630333757829087,0.111300614954955,0.166950922432433,2.4309558483609797,11.927670941677198
308,17.1666666666667,0.629764490011777,0.111200097003388,0.166800145505081,2.42876040045329,11.931032161517502
309,17.2222222222222,0.629204910022265,0.11110128967127901,0.166651934506918,2.4266023147864,11.9343361799527
310,17.2777777777778,0.6286547946255,0.11100415354110099,0.16650623031165102,2.4244807304282205,11.937584315065598
311,17.3333333333333,0.628113926504168,0.110908650240245,0.166362975360367,2.42239480926913,11.940777849997803
312,17.3888888888889,0.6275820941137751,0.110814742415432,0.166222113623148,2.42034373546305,11.943918033805803
313,17.4444444444444,0.627059091538405,0.110722393707246,0.16608359056086902,2.41832671487116,11.9470060823119
314,17.5,0.6265447183475079,0.11063156872484199,0.165947353087263,2.41634297450961,11.950043178950802
315,17.5555555555556,0.6260387794540029,0.110542233020896,0.165813349531344,2.41439176200227,11.9530304756064
316,17.611111111111104,0.625541084973981,0.11045435306682701,0.16568152960024,2.41247234503961,11.9559690934411
317,17.6666666666667,0.625051450088239,0.110367896228351,0.16555184434252698,2.4105840108448,11.958860123712599
318,17.7222222222222,0.624569694905881,0.11028283074139598,0.16542424611209303,2.40872606564754,11.9617046285798
319,17.7777777777778,0.62409564433012,0.11019912568840301,0.16529868853260501,2.40689783416659,11.9645036418949
320,17.8333333333333,0.623629127926497,0.110116750975063,0.165175126462595,2.40509865910154,11.9672581699817
321,17.888888888888896,0.623169979793583,0.11003567730748,0.16505351596122,2.40332790063413,11.969969192398699
322,17.9444444444444,0.622718038436325,0.10995587616981,0.16493381425471498,2.4015849359398,11.972637662687099
323,18.0,0.62227314664208,0.109877319802373,0.16481597970356002,2.3998691587096,11.975264509103
324,18.0555555555556,0.621835151359417,0.109799981180251,0.164699971770376,2.3981799786828,11.977850635332599
325,18.111111111111104,0.621403903579746,0.10972383399238499,0.164585750988578,2.39651682119034,11.980396921191499
326,18.1666666666667,0.620979258221777,0.109648852621179,0.164473278931768,2.39487912670926,11.9829042233064
327,18.2222222222222,0.62056107401885,0.10957501212259801,0.164362518183897,2.39326635042817,11.985373375780899
328,18.2777777777778,0.6201492134091351,0.109502288206788,0.164253432310182,2.39167796182378,11.9878051908435
329,18.3333333333333,0.619520150813982,0.10939121204623599,0.164086818069354,2.38925190836293,11.99151946664
330,18.388888888888896,0.6187258845126701,0.109250965190224,0.163876447785336,2.3861887274903397,11.996209181338902
331,18.4444444444444,0.617991636477059,0.109121316005363,0.16368197400804402,2.38335701407797,12.0005445205061
332,18.5,0.617301247268937,0.10899941115342099,0.16349911673013098,2.3806944473626603,12.0046208969202
333,18.5555555555556,0.616644049970188,0.10888336713294901,0.16332505069942302,2.37815988912732,12.0085012929875
334,18.611111111111104,0.61601288521761,0.108771919785845,0.16315787967876802,2.3757257284505298,12.0122279808914
335,18.6666666666667,0.615402872977842,0.108664207424619,0.16299631113692903,2.37337314491297,12.015829774600402
336,18.7222222222222,0.614810635945855,0.10855963370468101,0.162839450557021,2.37108911354286,12.0193266152816
337,18.7777777777778,0.614233799842304,0.108457779389794,0.162686669084691,2.36886447765424,12.0227325217757
338,18.8333333333333,0.61367066716869,0.108358344745693,0.16253751711854,2.3666926906456602,12.026057516897
339,18.888888888888896,0.61312000154163,0.10826111145909699,0.162391667188646,2.3645689842600097,12.0293089008234
340,18.9444444444444,0.612580883563086,0.108165917188126,0.16224887578218802,2.36248981273124,12.0324921021051
341,19.0,0.612052613556944,0.10807263838810001,0.16210895758215,2.36045247767661,12.035611251952801
342,19.0555555555556,0.61153464535403,0.107981178619691,0.161971767929537,2.3584548727308197,12.038669575201302
343,19.111111111111104,0.611026540853979,0.10789146052572199,0.16183719078858302,2.3564953083085802,12.0416696585971
344,19.1666666666667,0.6105279386188671,0.107803420285616,0.16170513042842402,2.35457239048227,12.044613636236598
345,19.2222222222222,0.6100385320239731,0.10771700375739099,0.161575505636087,2.35268493671781,12.0475033185737
346,19.2777777777778,0.609558053969509,0.107632163778142,0.16144824566721303,2.35083191691362,12.050340282688598
347,19.3333333333333,0.609086266129348,0.10754885826564801,0.161323287398472,2.34901241193712,12.053125935768799
348,19.388888888888896,0.6086229513583741,0.10746704887770599,0.161200573316559,2.34722558434278,12.0558615599392
349,19.4444444444444,0.608167908312305,0.10738670006213098,0.16108005009319698,2.34547065762284,12.0585483440294
350,19.5,0.607720947625799,0.107307778381909,0.160961667572863,2.3437469014677004,12.061187406139801
351,19.5555555555556,0.607281889193333,0.10723025203506802,0.160845378052603,2.34205362127936,12.0637798096964
352,19.611111111111104,0.6068505602336459,0.107154090512915,0.16073113576937198,2.34039015070667,12.0663265748795
353,19.6666666666667,0.606426793912662,0.107079264356871,0.160618896535307,2.33875584633452,12.0688286867544
354,19.7222222222222,0.606010428365365,0.107005744985769,0.160508617478653,2.3371500839115398,12.071287101047002
355,19.7777777777778,0.605601306002897,0.10693350457349698,0.160400256860245,2.3355722556778704,12.073702748234501
356,19.8333333333333,0.605199273023588,0.106862515962664,0.160293773943996,2.3340217684793902,12.076076536433
357,19.888888888888896,0.604804179069448,0.106792752603944,0.160189128905916,2.33249804244292,12.0784093534254
358,19.9444444444444,0.604415876986077,0.106724188513681,0.160086282770522,2.3310005100503197,12.0807020680791
359,20.0,0.604034222655622,0.106656798244396,0.159985197366594,2.3295286154942203,12.0829555313325
360,20.0555555555556,0.603659074880843,0.106590556864312,0.15988583529646802,2.3280818142309703,12.085170576879198
361,20.111111111111104,0.6032902953044681,0.10652543994312,0.15978815991467998,2.32665957266956,12.087348021644402
362,20.1666666666667,0.6029277483524089,0.10646142354194699,0.15969213531292,2.32526136795266,12.08948866612
363,20.2222222222222,0.602571301192645,0.106398484206098,0.159597726309147,2.3238866877980695,12.0915932946077
364,20.2777777777778,0.6022208237039129,0.10633659895953,0.15950489843929502,2.3225350303779,12.093662675403301
365,20.3333333333333,0.601876188450061,0.10627574530031698,0.15941361795047598,2.3212059042197404,12.095697560948699
366,20.388888888888896,0.601537270657162,0.106215901196618,0.159323851794927,2.31989882811834,12.0976986879667
367,20.4444444444444,0.6012039481914039,0.10615704508276301,0.15923556762414498,2.31861333105038,12.099666777591699
368,20.5,0.600876101536413,0.10609915585525802,0.159148733782887,2.31734895208699,12.1016025355036
369,20.5555555555556,0.600553613769188,0.10604221286852801,0.159063319302792,2.31610524030094,12.1035066520696
370,20.611111111111104,0.6002363705341179,0.105986195930334,0.158979293895501,2.31488175466643,12.1053798024981
371,20.6666666666667,0.5999242600148299,0.10593108529680198,0.158896627945203,2.3136780639505603,12.1072226470045
372,20.7222222222222,0.599617172903795,0.10587686166705301,0.158815292500579,2.31249374659606,12.1090358309908
373,20.7777777777778,0.5993150023697211,0.10582350617744801,0.158735259266171,2.3113283905955497,12.110819985238399
374,20.8333333333333,0.599017644022835,0.10577100039545599,0.15865650059318398,2.31018159335767,12.112575726112599
375,20.888888888888896,0.59872499587825,0.105719326313189,0.158578989469784,2.30905296156577,12.114303655779299
376,20.9444444444444,0.598436958317589,0.105668466340621,0.15850269951093202,2.30794211102994,12.1160043624312
377,21.0,0.598153434049086,0.10561840329854699,0.158427604947821,2.3068486665331,12.117678420524001
378,21.0555555555556,0.5978743280663941,0.105569120411306,0.158353680616959,2.30577226167217,12.119326391018697
379,21.111111111111104,0.597599547606307,0.105520601299319,0.158280901948979,2.3047125386949903,12.1209488216324
380,21.1666666666667,0.5973290021055899,0.105472829971465,0.158209244957197,2.3036691483338596,12.122546247091998
381,21.2222222222222,0.5970626031571479,0.10542579081733901,0.158138686226009,2.30264174963647,12.124119189393802
382,21.2777777777778,0.59680026446568,0.10537946859942801,0.158069202899142,2.30163000979491,12.1256681580652
383,21.3333333333333,0.596541901803021,0.10533384844521901,0.158000772667829,2.3006336039734103,12.127193650428
384,21.388888888888896,0.5962874329633,0.10528891583928399,0.157933373758927,2.29965221513542,12.128696151863698
385,21.4444444444444,0.596036777718074,0.105244656615359,0.157866984923039,2.29868553387055,12.130176136078001
386,21.5,0.595789857771555,0.10520105694843498,0.15780158542265302,2.2977332582219603,12.1316340653654
387,21.5555555555556,0.595546596716047,0.105158103346893,0.157737155020339,2.2967950935144197,12.1330703908721
388,21.611111111111104,0.595306919987692,0.10511578264468599,0.157673673967029,2.2958707521837,12.1344855528575
389,21.6666666666667,0.5950707548226121,0.10507408199359698,0.157611122990396,2.2949599536073904,12.1358799809532
390,21.7222222222222,0.594838030213525,0.10503298885558199,0.15754948328337198,2.2940624239376097,12.137254094419
391,21.7777777777778,0.594608676866907,0.104992490995197,0.15748873649279502,2.29317789593577,12.1386083023957
392,21.8333333333333,0.594382627160751,0.104952576472147,0.157428864708221,2.2923061088097003,12.139943004154901
393,21.888888888888896,0.594159815102971,0.104913233633941,0.157369850450911,2.29144680805321,12.141258589344302
394,21.9444444444444,0.5939401762905029,0.10487445110866399,0.15731167666299697,2.2905997452883398,12.142555438229302
395,22.0,0.593723647869126,0.10483621779789001,0.157254326696835,2.28976467811044,12.143833921930302
396,22.0555555555556,0.5935101684940359,0.104798522869715,0.15719778430457299,2.2889413699361096,12.145094402655198
397,22.111111111111104,0.593299678291193,0.10476135575193402,0.15714203362790197,2.2881295898541,12.146337233928099
398,22.1666666666667,0.593092118819469,0.104724706125358,0.157087059188038,2.2873291124793704,12.1475627608122
399,22.2222222222222,0.5928874330335839,0.104688563917269,0.15703284587590302,2.28653971781013,12.1487713201293
400,22.2777777777778,0.592817432299339,0.104676203600735,0.15701430540110198,2.28626975179262,12.149184636761
401,22.3333333333333,0.592817432299339,0.104676203600735,0.15701430540110198,2.28626975179262,12.149184636761
402,22.388888888888896,0.592817432299339,0.104676203600735,0.15701430540110198,2.28626975179262,12.149184636761
403,22.4444444444444,0.592817432299339,0.104676203600735,0.15701430540110198,2.28626975179262,12.149184636761
404,22.5,0.592817432299339,0.104676203600735,0.15701430540110198,2.28626975179262,12.149184636761
405,22.5555555555556,0.592817432299339,0.104676203600735,0.15701430540110198,2.28626975179262,12.149184636761
406,22.611111111111104,0.592817432299339,0.104676203600735,0.15701430540110198,2.28626975179262,12.149184636761
407,22.6666666666667,0.592817432299339,0.104676203600735,0.15701430540110198,2.28626975179262,12.149184636761
408,22.7222222222222,0.592817432299339,0.104676203600735,0.15701430540110198,2.28626975179262,12.149184636761
409,22.7777777777778,0.592817432299339,0.104676203600735,0.15701430540110198,2.28626975179262,12.149184636761
410,22.8333333333333,0.592817432299339,0.104676203600735,0.15701430540110198,2.28626975179262,12.149184636761
411,22.888888888888896,0.592817432299339,0.104676203600735,0.15701430540110198,2.28626975179262,12.149184636761
412,22.9444444444444,0.592817432299339,0.104676203600735,0.15701430540110198,2.28626975179262,12.149184636761
413,23.0,0.592817432299339,0.104676203600735,0.15701430540110198,2.28626975179262,12.149184636761
414,23.0555555555556,0.592817432299339,0.104676203600735,0.15701430540110198,2.28626975179262,12.149184636761
